,low,high
paloma2,-0.7404976707883426,-0.13003366618867881
paloma3,-0.6738789698605944,-0.024944610274702853
cleopatra,-0.8280934191168172,-0.08419104844793786
