,low,high
fire3,-0.7156394895182386,-0.1749399730510865
