,low,high
paloma2,-0.7404976707883426,-0.13003366618867881
paloma3,-0.6740117621182569,-0.024016534507475894
cleopatra,-0.8280934191168172,-0.08419104844793786
