,low,high
fire3,-0.5891795596702252,0.013406770271003204
