,low,high
fire3,-0.6732374009604097,-0.1594850319132415
