,low,high
paloma2,-0.7535701835880454,-0.14852235508258083
paloma3,-0.6801249929974376,-0.039428026111972006
cleopatra,-0.7988952098582148,-0.060711227315242144
