,low,high
keynote_042,-0.4261385695534906,0.11566888232170186
keynote_024,-0.2904224642530699,0.2606025542922553
keynote_189,-0.2202230132394773,0.3363785526794055
checkmate_078,-0.38108279913580023,0.0907224416410038
flaura,-0.7481946792512815,-0.23968528891084728
