,low,high
paloma2,-0.7730006669932569,-0.16322946288660506
paloma3,-0.6746213823999848,-0.024016534507475894
cleopatra,-0.8280934191168172,-0.08419104844793786
