,low,high
chaarted,-0.44590372238738885,0.08788878980385381
latitude,-0.44639944666935194,0.1049669709745778
