,low,high
keynote_042,-0.41382740500952453,0.11527733105318602
keynote_024,-0.27555595169389674,0.26767391515076483
keynote_189,-0.3308171963900754,0.2239359709362173
checkmate_078,-0.36261970535766735,0.09004989048090468
flaura,-0.712434745630278,-0.20412008526169795
