,low,high
chaarted,-0.44590372238738885,0.08788878980385381
latitude,-0.4468823302569434,0.10350302808684797
