,low,high
chaarted,-0.4996407017481189,0.07473755103672092
latitude,-0.4996577082810467,0.09153204663520582
