,low,high
keynote_042,-0.41382740500952453,0.11527733105318602
keynote_024,-0.26715750675221356,0.27904691891961214
keynote_189,-0.3308171963900754,0.2239359709362173
checkmate_078,-0.36261970535766735,0.09004989048090468
flaura,-0.712584983639919,-0.20422488249871373
